name,original_price,selling_price_1,selling_price_2,location,star,selling_price
"Tai Nghe Bluetooth EP2 Cao Cấp Định Vị Đổi Tên Tai Nghe Không Dây Tự Động Kết Nối Chạm Cảm Ứng,Dùng Cho Các Máy Điện Th",299000,245000,0,Hà Nội,4.2,272000
"Tai Nghe Bluetooth M10 Pro, Tai Nghe Không Dây M10 Pro Phiên Bản Nâng Cấp Pin Trâu, Nút Cảm Ứng Tự Động Kết Nối",299000,185000,0,Hà Nội,4.3,242000
"Tai Nghe Bluetooth PRO- Không Dây Bản Cao Cấp Định Vị, Đổi Tên,Cảm Ứng Dùng Cho Tất Cả Các Máy Điện Thoại",355000,269000,0,Hà Nội,4.7,312000
Tai Nghe Bluetooth không dây AP3 Cảm Biến Đa Điểm Không Dây 5.0 Định Vị - Đổi Tên - Sạc Không Dây,0,293000,332000,Hà Nội,4.8,146500
Tai Nghe Bluetooth i12 - Bản Mới Nhất Không Dây Tự Động Kết Nối Đầy Đủ Tính Năng Âm Thanh Chuẩn,200000,129000,0,Hà Nội,4.1,164500
Tai Nghe Bluetooth Công Nghệ Mới Âm Thanh Sống Động Không Dây J12 Phiên Chuẩn Bản Quốc Tế J12_Mau -xanhrongnjnj,150000,125000,0,TP. Hồ Chí Minh,4.3,137500
"Tai nghe bluetooth HD2 - Tai nghe không dây Full Chức Năng, Đổi Tên, Định Vị, Pin Trâu dùng cho mọi dòng máy",330000,239000,0,Hà Nội,4.8,284500
"Tai Nghe Bluetooth PRO- Không Dây Bản Cao Cấp Định Vị, Đổi Tên,Cảm Ứng Dùng Cho Tất Cả Các Máy Điện Thoại",355000,269000,0,Hà Nội,4.2,312000
"Tai Nghe Bluetooth Không Dây AQ2 - Tai Nghe Không Dây Bản Cao Cấp Nhất, Nghe Gọi Cực Đỉnh, Có Mic, Đổi Tên-Định Vị .",329000,229000,0,Hà Nội,4.9,279000
Tai Nghe Bluetooth i12 TQS - Không Dây Cảm Ứng Cực Nhạy Đầy đủ Tính Năng Âm Thanh Chuẩn.,225000,129000,0,Hà Nội,4.5,177000
Tai Nghe Bluetooth i12 - Bản Mới Nhất Không Dây Tự Động Kết Nối Đầy Đủ Tính Năng Âm Thanh Chuẩn,200000,129000,0,Hà Nội,4.2,164500
Tai Nghe Bluetooth PRO Bản Cao Cấp Định Vị Đổi Tên Tai Nghe Không Dây Tự Động Kết Nối Dùng Cho IOS Và Android,390000,269000,0,Hà Nội,4.9,329500
Tai nghe Bluetooth không dây Pr0 đời mới Âm thanh hay- Cảm ứng - đổi tên cao cấp dùng cho các dòng điện thoại,370000,279000,0,Hà Nội,4.3,324500
Tai Nghe Bluetooth AP2 TWS Không Dây Bản Quốc Tế Định Vị Đổi Tên Tự Động Kết Nối Chạm Cảm Ứng Dùng Cho ĐT,400000,269000,0,Hà Nội,4.5,334500
"Tai Nghe Bluetooth PRO - Bản Cao Cấp Định Vị Đổi Tên Tai Nghe Không Dây,Cảm Ứng Dùng Cho Tất Cả Các Máy Điện Thoại",480000,269000,0,Hà Nội,4.5,374500
Tai nghe bluetooth l12 TWS 5.0 tai nghe l12 không dây âm thanh chuẩn HIFI chạm cảm ứng có mic dùng cho mọi điện thoại,189000,129000,0,Hà Nội,4.9,159000
Tai Nghe Bluetooth P2 Cao Cấp Định Vị Đổi Tên Tai Nghe Không Dây Tự Động Kết Nối - Dùng Cho IOS Và Android MÃ A2,0,235000,265000,TP. Hồ Chí Minh,4.1,117500
"Tai nghe Bluetooth không dâyAleister A68 chống ồn định vị đổi tên chơi game thể thao,tích hợp míc lọc âm khi đàm thoại",0,209000,229000,Hà Nội,4.3,104500
Tai nghe bluetooth l12 TWS 5.0 tai nghe l12 không dây âm thanh chuẩn HIFI chạm cảm ứng có mic dùng cho IOS và Android,170000,129000,0,Hà Nội,4.6,149500
Tai Nghe Bluetooth không dây AP3 Cảm Biến Đa Điểm Không Dây 5.0 Định Vị - Đổi Tên - Sạc Không Dây,400000,299000,0,Hà Nội,4.8,349500
"Tai nghe bluetooth EP2, Tai nghe không dây Full Chức Năng, Đổi Tên, Định Vị, Pin Trâu dùng cho mọi dòng máy",0,235000,245000,Hà Nội,4.7,117500
Tai Nghe Bluetooth không dây P3 Cảm Biến Đa Điểm Không Dây 5.0 Định Vị - Đổi Tên - Sạc Không Dây,0,299000,332000,Hà Nội,4.7,149500
"Tai nghe Bluetooth AMOI F9 TWS 5.0 bản QUỐC TẾ không dây cảm ứng chống nước ,chống ồn tích hợp sạc dự phòng 2500mA MÃ F9",145000,145000,0,TP. Hồ Chí Minh,4.9,145000
Tai Nghe Bluetooth Q2 Cao Cấp Định Vị Đổi Tên Tai Nghe Không Dây Tự Động Kết Nối Chạm Cảm Ứng Dùng Cho IOS Và Android,340000,239000,0,Hà Nội,5,289500
Tai Nghe Bluetooth 5.3 Baseus WM01 TWS Chống Ồn,531667,259000,0,Nước ngoài,4.6,395333.5
Tai Nghe Bluetooth Công Nghệ Mới Âm Thanh Sống Động Không Dây J12 Phiên Chuẩn Bản Quốc Tế - J12_Trang xanhrongnjnj,110000,55000,0,TP. Hồ Chí Minh,4.6,82500
Tai Nghe Bluetooth AP2 Cao Cấp Định Vị Đổi Tên Tai Nghe Không Dây Tự Động Kết Nối Chạm Cảm Ứng Dùng Cho IOS Và Android,350000,239000,0,Hà Nội,4.6,294500
"Tai nghe bluetooth AlP3 Tai nghe không dây Pin Trâu 4-6h, định vị, đổi tên Dành cho các dòng ĐT và PC, BẢO HÀNH 6 THÁNG",450000,450000,0,Hà Nội,4.5,450000
Tai Nghe Bluetooth True Wireless F9 PRO Bluetooth 5.0 | Bản Quốc Tế | Cảm Ứng | Chống Nước(Loại mới),200000,119000,0,TP. Hồ Chí Minh,4.8,159500
Tai nghe nhét tai không dây BASEUS WM02 bluetooth 5.3 TWS chống ồn,615000,319000,0,Nước ngoài,4.2,467000
Tai Nghe Bluetooth Lenovo LP40 Pro Bluetooth 5.1 có chất lượng âm thanh tốt và tích hợp micro,0,199900,279900,Nước ngoài,4.4,99950
Tai Nghe Bluetooth AP2 Cao Cấp Định Vị Đổi Tên Tai Nghe Không Dây Tự Động Kết Nối Chạm Cảm Ứng Dùng Cho IOS Và Android,350000,239000,0,Hà Nội,4.6,294500
"Tai Nghe Bluetooth M10 Pro, Tai Nghe Không Dây M10 Pro Phiên Bản Nâng Cấp Pin Trâu, Nút Cảm Ứng Tự Động Kết Nối",299000,185000,0,Hà Nội,4.9,242000
Tai Nghe Bluetooth không dây AP3 Cảm Biến Đa Điểm Không Dây 5.0 Định Vị - Đổi Tên - Sạc Không Dây,380000,259000,0,Hà Nội,4.2,319500
Tai Nghe i12 TWS Bluetooth 5.0 Chính Hãng Nghe Nhạc Không Dây Kết Nối Thiệt Bị Nhanh Dễ Sử Dụng,100000,59000,0,Hà Nội,4.5,79500
Tai Nghe Bluetooth P2 Cao Cấp Định Vị Đổi Tên Tai Nghe Không Dây Tự Động Kết Nối - Dùng Cho IOS Và Android MÃ A2,0,225000,240000,TP. Hồ Chí Minh,4.1,112500
Tai Nghe Bluetooth không dây AP3 Cảm Biến Đa Điểm Không Dây 5.0 Định Vị - Đổi Tên - Sạc Không Dây MÃ A3,275000,265000,0,TP. Hồ Chí Minh,4.8,270000
"Tai nghe bluetooth EPR, Tai nghe không dây Full Chức Năng, Đổi Tên, Định Vị,Chống Ồn Pin Trâu Dùng Cho Mọi Dòng Máy",350000,259000,0,Hà Nội,4.4,304500
Tai Nghe Bluetooth R2 - Bản Cao Cấp Nhất - Đầy Đủ Tất Cả Các Chức Năng - Có Micro - Sạc Không Dây - Tặng Vỏ Silicon,800000,598000,0,Hà Nội,4.4,699000
Combo tai nghe bluetooth không dây i12 kèm vỏ bảo vệ bao đựng case tws v5.0 nút cảm ứng âm thanh HIFI có mic đàm thoại,0,64000,99000,Hà Nội,4.3,32000
Tai Nghe Bluetooth True Wireless F9 PRO Bluetooth 5.0 | Bản Quốc Tế | Cảm Ứng | Chống Nước(Loại mới),170000,99000,0,TP. Hồ Chí Minh,4.7,134500
Tai Nghe Bluetooth R PRO - Chống Ồn ANC Cao Cấp Nhất - Đầy Đủ Các Chức Năng - Sạc Không Dây - Tặng Ốp Silicon Bảo Vệ,900000,698000,0,Hà Nội,4.2,799000
Tai Nghe Bluetooth i12 TWS 5.0 Không Dây Cảm Ứng Cực Nhạy Tăng Chỉnh Âm Lượng 1 Đổi 1 Trong 30 Ngày,200000,129000,0,Hà Nội,4.8,164500
Tai Nghe Bluetooth R3 - Bản Cao Cấp Nhất - Đầy Đủ Tất Cả Các Chức Năng - Có Micro - Sạc Không Dây - Tặng Vỏ Silicon,700000,498000,0,Hà Nội,4.5,599000
Tai Nghe Bluetooth không dây AP3 Cảm Biến Đa Điểm Không Dây 5.0 Định Vị - Đổi Tên - Sạc Không Dây,500000,273000,0,Hà Nội,4.5,386500
"Tai nghe bluetooth không dây True WireLess Thế Hệ 3, Pro - Tai Nghe Không Dây Thể Thao TWS Chơi Game Có Mic",0,310000,369000,Hà Nội,4.7,155000
[Loại tốt] Tai nghe Bluetooth không dây đời mới Âm thanh hay- Cảm ứng - đổi tên cao cấp,500000,259000,0,TP. Hồ Chí Minh,4.2,379500
Tai nghe nhét tai Lenovo disney f9 bluetooth không dây âm thanh hifi có micro màn hình hd 5.2,0,208000,238000,Nước ngoài,4.6,104000
"Tai Nghe Bluetooth TWS, Tai Nghe I12 Cảm Ứng Âm Thanh Có Mic Đàm Thoại Bảo Hành 6 Tháng 1 Đổi 1",100000,55000,0,Hà Nội,4.4,77500
Tai nghe không dây Bluetooth TWS AMoi F9 Pro - Chống nước IP67 - Pin 2000maH - Dùng 600 tiếng,200000,99000,0,Hà Nội,4.3,149500
"Tai Nghe Bluetooth M10 Pro Tai Nghe Không M10 Pro Phiên Bản Nâng Cấp Pin Trâu, Nút Cảm Ứng Tự Động Kết Nối mã m10",0,135000,170000,TP. Hồ Chí Minh,4.8,67500
Tai Nghe Bluetooth EP2 Cao Cấp Định Vị Đổi Tên Tai Nghe Không Dây Tự Động Kết Nối - Dùng Cho IOS Và Android,0,235000,250000,Hà Nội,4.7,117500
Tai nghe bluetooth Lenovo LP40 PRO 2021 mới bản LP40 không dây Bluetooth 5.1 tws IPX5 chống ồn TWS 300mah,0,199000,279900,Nước ngoài,4.5,99500
"Tai Nghe Bluetooth M10 Pro Tai Nghe Không M10 Pro Phiên Bản Nâng Cấp Pin Trâu, Nút Cảm Ứng Tự Động Kết Nối",299000,185000,0,Hà Nội,4,242000
Tai Nghe Bluetooth True Wireless F9 PRO Bluetooth 5.0 | Bản Quốc Tế | Cảm Ứng | Chống Nước(Loại mới) MÃ F9 PRO,115000,85000,0,TP. Hồ Chí Minh,4.8,100000
"Tai Nghe Bluetooth Không Dây AQ2 - Tai Nghe Không Dây Bản Cao Cấp Nhất, Nghe Gọi Cực Đỉnh, Có Mic, Đổi Tên-Định Vị .",329000,229000,0,Hà Nội,4.6,279000
Tai Nghe Bluetooth PRO Bản Cao Cấp Định Vị Đổi Tên Tai Nghe Không Dây Tự Động Kết Nối Dùng Cho IOS Và Android,390000,269000,0,Hà Nội,4.9,329500
"Tai nghe bluetooth HD2 - Tai nghe không dây Full Chức Năng, Đổi Tên, Định Vị, Pin Trâu dùng cho mọi dòng máy",330000,239000,0,Hà Nội,4.3,284500
Tai Nghe Bluetooth không dây P3 Cảm Biến Đa Điểm Không Dây 5.0 Định Vị - Đổi Tên - Sạc Không Dây,0,299000,332000,Hà Nội,4.4,149500
Tai Nghe Bluetooth i12 TQS - Không Dây Cảm Ứng Cực Nhạy Đầy đủ Tính Năng Âm Thanh Chuẩn.,225000,129000,0,Hà Nội,4.7,177000
"Tai Nghe Bluetooth PRO - Bản Cao Cấp Định Vị Đổi Tên Tai Nghe Không Dây,Cảm Ứng Dùng Cho Tất Cả Các Máy Điện Thoại",480000,269000,0,Hà Nội,4.2,374500
Tai Nghe Bluetooth P2 Cao Cấp Định Vị Đổi Tên Tai Nghe Không Dây Tự Động Kết Nối - Dùng Cho IOS Và Android MÃ A2,0,235000,265000,TP. Hồ Chí Minh,4.8,117500
Tai Nghe Bluetooth P2 Cao Cấp Định Vị Đổi Tên Tai Nghe Không Dây Tự Động Kết Nối - Dùng Cho IOS Và Android MÃ A2,0,225000,240000,TP. Hồ Chí Minh,4.1,112500
Tai Nghe Bluetooth không dây AP3 Cảm Biến Đa Điểm Không Dây 5.0 Định Vị - Đổi Tên - Sạc Không Dây MÃ A3,275000,265000,0,TP. Hồ Chí Minh,4.9,270000
"Tai nghe Bluetooth AMOI F9 TWS 5.0 bản QUỐC TẾ không dây cảm ứng chống nước ,chống ồn tích hợp sạc dự phòng 2500mA MÃ F9",145000,145000,0,TP. Hồ Chí Minh,4.6,145000
tai nghe bluetooth không dây tai nghe i12 chính hãng dùng được cho ios và tai nghe bluetooth android i12 tai nghe,110000,62000,0,Nước ngoài,4.2,86000
"Tai Nghe F9 Pro Bluetooth 5.0 Không Dây Cảm Biến Vân Tay , Kiêm Sạc Dự Phòng Cao Cấp Nhiều Màu. Amoi F9",0,40000,99500,Hải Dương,5,20000
"Tai nghe chụp tai không dây bluetooth STN28 màu sắc cute,âm thanh ấm bass mạnh- Phụ Kiện 123",0,76000,187000,Hà Nội,4.5,38000
"Tai nghe bluetooth gaming S10 Pro cao cấp, cảm ứng, hỗ trợ đàm thoại, nghe nhạc, kiêm sạc dự phòng",300000,158000,0,Hà Nội,4.1,229000
Tai Nghe Bluetooth A3 - Chính Hãng NEXTAGE - Âm Thanh Không Gian - Cảm Biến Đa Điểm - Định Vị - Đổi Tên - Sạc Không Dây,585000,355000,0,Hà Nội,4,470000
"Tai nghe bluetooth S10 Pro V5.2 cao cấp, cảm ứng vân tay, Chống nước IPX7 , nghe nhạc 10h, kiêm sạc dự phòng MÃ S10",175000,145000,0,TP. Hồ Chí Minh,4,160000
"Tai nghe bluetooth SGC SM10 Pin Trâu 3500maH âm thanh trung thực, đèn Led đẹp mắt, hộp sạc có màn hình",350000,180000,0,TP. Hồ Chí Minh,4.9,265000
"Tai Nghe Chụp Tai Bluetooth P47, Tai Không Dây Có Mic, Có Thẻ Nhớ, Âm Bass Cực Chất, Nghe Nhạc Cực Hay Bảo Hành 12 Tháng",0,54000,69800,Hải Dương,4.9,27000
Tai nghe Không dây Amoi F9 / F9 pro - Bluetooth 5.3 - Pin 280 giờ - Chống nước IPX7,0,99000,101000,Hà Nội,4.9,49500
Tai Nghe Bluetooth True Wireless F9 PRO Bluetooth 5.0 | Cảm Ứng | Bản Quốc Tế 2022 Nút Cảm Ứng Chống Nước IP67,135000,135000,0,TP. Hồ Chí Minh,4.5,135000
"Tai Nghe Mèo Bluetooth P47M, chụp Tai STN28, Tai Mèo Dễ Thương Có Mic, Âm Bass Mạnh Mẽ Nghe Nhạc, Chơi Game Cực Hay",0,147000,174500,Hà Nội,4.6,73500
Tai Nghe Bluetooth GEN 3 1562E l Âm Thanh Hay l Định vị - Đổi tên l Tháo Tai Ngắt Kết Nối l Chuyển Đổi Đa Thiết Bị,0,790000,840000,TP. Hồ Chí Minh,4.9,395000
Tai nghe bluetooth l12 TWS 5.0 tai nghe l12 không dây âm thanh chuẩn HIFI chạm cảm ứng có mic dùng cho IOS và Android,190000,123000,0,Hà Nội,4,156500
Tai Nghe Nhét Tai Không Dây Vitog Airdots A6S Bluetooth 5.0 Chống Tiếng Ồn Cho Điện Thoại,182160,81000,0,Nước ngoài,4.8,131580
Tai Nghe Bluetooth 5.0 I7S Thiết Kế ko dây Tws Kèm Hộp Sạc Cao Cấp,0,29000,70000,Nước ngoài,4.9,14500
Tai Nghe Bluetooth không dây AP 3 Cảm Biến Đa Điểm Không Dây 5.0 Định Vị - Đổi Tên - Đầy đủ chức năng ( Bảo hành 6th ),1000,1000,0,Hà Nội,4.3,1000
Tai Nghe Bluetooth M19 Pin 5h (Tặng găng tay) Chống Nước IPX7 Cảm Ứng Nghe Gọi Chống Ồn Tốt Bass Mạnh ( BH 3 Tháng),275000,155000,0,Hà Nội,4.8,215000
Tai nghe bluetooth 12TS02 âm thanh Superpass chống nước cảm biến vân tay 1 chạm siêu bền,370000,159000,0,Bạc Liêu,4.1,264500
"Tai nghe Bluetooth A-P3 P.ro đầy đủ chức năng, cảm ứng, đàm thoại, định vị, đổi tên",329000,329000,0,Đà Nẵng,4.6,329000
Tai nghe nhét tai Pro 6 bluetooth không dây âm thanh hifi có micro màn hình hd 5.2,0,15000,72500,Nước ngoài,4.2,7500
Tai nghe bluetooth không dây Gutek inpods i12 v5.0 nút cảm ứng âm thanh HiFi,0,72000,89000,Hà Nội,5,36000
Tai nghe bluetooth tws Inp12/l12 không dây mini kèm vỏ case cute âm thanh hifi cảm ứng thông minh- LinkeeTech,0,89000,129000,Hà Nội,4.6,44500
"Tai nghe bluetooth M90 Pro cảm ứng, màn hình led, chống nước, có mic đàm thoại, nghe nhạc, kiêm sạc dự phòng",279000,165000,0,Hà Nội,4.9,222000
Tai Nghe Bluetooth J12 TWS 5.0 Có Micro Không Dây Nghe Gọi Thanh Sống Động Kết Nối Mạnh Mẽ - J12_Trang aluca_store,150000,88000,0,TP. Hồ Chí Minh,4.3,119000
Tai Nghe Bluetooth Không Dây X15 TWS 5.0 Có Micro Nghe Gọi Cảm Ứng Chạm Chơi Game Giảm Tiếng Ồn - X15 aluca_store,300000,189000,0,TP. Hồ Chí Minh,4.5,244500
Tai nghe không dây Disney Lenovo F6 Bluetooth giảm ồn thoải mái có mic gọi được chống nước cho Android IOS,0,279000,309000,Nước ngoài,5,139500
"Tai Nghe Bluetooth Không Dây i12 inpods12 TWS 5.0 Âm Thanh HIFI, Cửa Sổ Tự Động Kết Nối, Hỗ Trợ Nhiều Dòng Máy",0,69000,99000,Hà Nội,4.4,34500
"Tai Nghe Mèo Bluetooth P47M MZ47 Tai Mèo Dễ Thương Có Mic, Âm Bass Mạnh Mẽ Nghe Nhạc Cực Hay FullBox",0,25000,72000,Hà Nội,4.6,12500
Tai nghe bluetooth l12 TWS 5.0 tai nghe không dây âm thanh chuẩn HIFI chạm cảm ứng có mic dùng cho IOS và Android,0,69000,99000,Hà Nội,4.6,34500
"Tai nghe Bluetooth AMOI F9 TWS 5.0 bản QUỐC TẾ không dây cảm ứng chống nước IPX5, chống ồn tích hợp sạc dự phòng 2500mAh",180000,95000,0,Hà Nội,4.6,137500
Tai nghe bluetooth Âm Thanh Sống Động Hay Không Dây J12 Phiên Bản Quốc Tế Có Mic Nghe Gọi Tốt - J12_Trang- Datoo_shop,110000,55000,0,TP. Hồ Chí Minh,4.5,82500
Tai nghe Nkodok nhét tai không dây bluetooth mini,0,26000,58800,Nước ngoài,4.9,13000
Tai Nghe Chụp Tai Bluetooth P47 - P47M Tai Mèo - Có Khe Cắm Thẻ Nhớ - Có Mic,0,63000,65000,Hà Nội,4.8,31500
Tai Nghe Bluetooth Không Dây I7S Tws Phù Hợp Với Android IOS,0,28850,51500,Nước ngoài,4.6,14425
"Tai Nghe Bluetooth Không Dây, REPI PRO, Cao Cấp Nhất, Đầy Đủ Các Chức Năng, Sạc Không Dây, Tai Nghe REPI PRO",0,635000,685000,Hà Nội,4.7,317500
Tai Nghe Bluetooth không dây P3 Cảm Biến Đa Điểm Không Dây 5.0 Định Vị - Đổi Tên - Sạc Không Dây MÃ A3,289000,289000,0,TP. Hồ Chí Minh,4.1,289000
"Tai Nghe Bluetooth M10 Pro Tai Nghe Không M10 Pro Phiên Bản Nâng Cấp Pin Trâu, Nút Cảm Ứng Tự Động Kết Nối",250000,139000,0,Hà Nội,4.9,194500
Tai Nghe Bluetooth F9 Pro Cảm Ứng Thông Minh Playtime Đến 22H Chống Nước Hàng Chính Hãng,179000,109000,0,Hà Nội,4.8,144000
"Tai nghe bluetooth F9 Plus TWS 5.0 bản Quốc tế không dây cảm ứng chống nước IPX5, chống ồn tích hợp sạc dự phòng 3500mAh",0,109000,179000,Hà Nội,4.8,54500
Tai Nghe Bluetooth Không Dây TWS 12 Màu Sắc Kèm Hộp Sạc,0,13600,67000,Nước ngoài,4.7,6800
"Tai Nghe Bluetooth P PRO- Không Dây Bản Cao Cấp Định Vị, Đổi Tên,Cảm Ứng Dùng Cho Tất Cả Các Máy Điện Thoại MÃ A PRO",299000,299000,0,TP. Hồ Chí Minh,4.1,299000
"Tai nghe Bluetooth Gaming Không dây X15 TWS công nghệ Bluetooth 5.0 cảm biến chạm, không có độ trễ âm (Bản Quốc tế 2022)",0,139000,219000,TP. Hồ Chí Minh,4.9,69500
Tai nghe không dây Lenovo LK-10 TWS HIFI Bluetooth 5.2 giảm ồn kiểu thể thao chống nước có micro pin mạnh,600000,299000,0,Nước ngoài,4.4,449500
"Tai Nghe Không Dây Bluetooth Thể Thao X15 TWS 5.0 Nghe Nhạc, Chơi Game Độ Trể Thấp - X15 vibes_shop",230000,115000,0,TP. Hồ Chí Minh,4,172500
Tai Nghe bluetooth Không Dây TZUZL TWS Chống Thấm Nước,0,89000,95000,Nước ngoài,4.4,44500
Tai nghe không dây X15 Bluetooth âm thanh hifi sống động điều khiển cảm ứng không trễ cao cấp,240000,149000,0,Nước ngoài,4.4,194500
Tai Nghe Bluetooth Chính Hãng I12 Không Dây Nhét Tai Phụ Kiện Tai Nghe Điện Thoại IOS Và Android phanduyen25,150000,108000,0,TP. Hồ Chí Minh,4.2,129000
Tai nghe bluetooth Lenovo LP5 âm trầm tuyệt vời chống thấm nước tích hợp micro tiện dụng,0,279900,319900,Nước ngoài,4.1,139950
TWS Pro 4 Tai Nghe Nhét Tai Không Dây Bluetooth Có Bass Mic Hộp Sạc Tai Nghe Bluetooth 5.0 Cho Hầu Hết Điện Thoại,195000,169000,0,Hà Nội,4.3,182000
"Tai Nghe TWS Bluetooth 5.3 M90 Pro - Độ trễ cực thấp, âm thanh nổi thể thao với thanh trượt hiển MÃ M90",175000,169000,0,TP. Hồ Chí Minh,4.9,172000
"Tai nghe bluetooth EPR, Tai nghe không dây Full Chức Năng, Đổi Tên, Định Vị,Chống Ồn Pin Trâu Dùng Cho Mọi Dòng Máy",350000,259000,0,Hà Nội,4.7,304500
"Tai nghe bluetooth M19,Tai nghe không dây nhét tai ,Độ Trễ Thấp,Chống Ồn,chống nước, Âm Thanh Hay,Pin 6-8h",299000,179000,0,Hà Nội,4.6,239000
Tai Nghe Bluetooth EP2 Cao Cấp Định Vị Đổi Tên Tai Nghe Không Dây Tự Động Kết Nối - Dùng Cho IOS Và Android,0,235000,250000,Hà Nội,4.7,117500
Tai Nghe Bluetooth không dây AP3 Cảm Biến Đa Điểm Không Dây 5.0 Định Vị - Đổi Tên - Sạc Không Dây,500000,273000,0,Hà Nội,4.2,386500
Tai nghe nhét tai Lenovo disney f9 bluetooth không dây âm thanh hifi có micro màn hình hd 5.2,0,208000,238000,Nước ngoài,4.6,104000
Tai nghe Lenovo TH10 Bluetooth âm thanh nổi giảm ồn thoải mái chống nước có mic cho Android IOS PC,710158,368000,0,Nước ngoài,4.2,539079
"Tai Nghe Bluetooth M10 Pro Tai Nghe Không M10 Pro Phiên Bản Nâng Cấp Pin Trâu, Nút Cảm Ứng Tự Động Kết Nối",299000,185000,0,Hà Nội,4.8,242000
"Tai nghe bluetooth SGC SM10 Pin Trâu 3500maH âm thanh trung thực, đèn Led đẹp mắt, hộp sạc có màn hình",350000,180000,0,TP. Hồ Chí Minh,4.7,265000
Tai Nghe Bluetooth AP Pro - Chính Hãng NEXTAGE - Pin 5h Định Vị -Đổi Tên - Chống Ồn - Xuyên Âm - Âm Thanh Không Gian,565000,325000,0,Hà Nội,4.8,445000
"Tai nghe bluetooth EP2, Tai nghe không dây Full Chức Năng, Đổi Tên, Định Vị, Pin Trâu dùng cho mọi dòng máy",0,235000,245000,Hà Nội,4.8,117500
"Tai Nghe Bluetooth EP2 cao cấp, Tai Nghe không dây Full chức năng, Định Vị, Đổi Tên, Pin Trâu, Dùng cho mọi dòng máy",369000,225000,0,Hà Nội,4.2,297000
Tai Nghe Bluetooth P2 Cao Cấp Định Vị Đổi Tên Tai Nghe Không Dây Tự Động Kết Nối Chạm Cảm Ứng Dùng Cho IOS Và Android,350000,239000,0,Hà Nội,4.9,294500
Tai nghe không dây Disney x Tsum Tsum D10 LK-10 bluetooth 5.2 5.3 độ trễ thấp có micro hỗ trợ chơi game chống nước,0,300000,399999,TP. Hồ Chí Minh,4.6,150000
"Tai Nghe Bluetooth Amoi F9 Pro Bản Quốc Tế Cao Cấp, Cảm Biến Vân Tay, Kiêm Sạc Dự Phòng",119000,95000,0,Hà Nội,4.2,107000
"Tai Nghe Không Dây Bluetooth Floveme P6, Chính Hãng Âm Thanh Chuẩn HIFI Dùng Cho IOS Android Cảm Biến, Bluetooth 5.0",0,115900,134200,Bắc Ninh,4.4,57950
Tai Nghe Gaming X15 Bluetooth 5.1 Không Dây Giảm Tiếng Ồn Cảm Ứng Điều Khiển Vân Tay Âm Thanh Hifi 9D Cho Android,0,25000,115000,Hải Dương,4.1,12500
"Tai nghe IP 7 Hoco L7,chân cắm cáp sạc dẹt hỗ trợ mic đàm thoại dành cho IP 7,8,X,11,12,13 tự động kết nối bluetooth",259000,161000,0,Hà Nội,4.2,210000
"Tai nghe bluetooth gaming i12 tws chống ồn, tay nghe không dây nhét tai thể thao giá rẻ cho samsung phone điện thoại",0,32900,89000,TP. Hồ Chí Minh,4.8,16450
"Tai nghe bluetooth AMOI F9 TWS 5.0 bản Quốc tế không dây cảm ứng chống nước IPX5, chống ồn tích hợp sạc dự",300000,165000,0,Hà Nội,4.1,232500
Tai Nghe Bluetooth 5.0 Baseus WM02 / Baseus WM01 / Baseus w3 / Baseus W12 TWS Chống Ồn - Hshop365,0,248000,319000,Hà Nội,4.3,124000
Tai Nghe Không Dây Bluetooth 5.0 JL- i7 Tws Kiểu Dáng Thể Thao Tích Hợp Micro Kèm Hộp Sạc,0,19900,59250,Nước ngoài,4.2,9950
Tai nghe Không Dây Baseus Bowie WM01/WM02 TWS Bluetooth 5.3 Điều Khiển Cảm Ứng Loại Bỏ Tiếng Ồn Tai Nghe Chơi Game,0,268000,315000,Hà Nội,4.7,134000
Tai Nghe Bluetooth A2 Bản Cao Cấp - Đầy Đủ Chức Năng - Định Vị - Có Mic - Đổi Tên - Cảm Biến Đa Điểm -Chính Hãng NEXTAGE,399000,315000,0,Hà Nội,4.2,357000
Tai nghe Bluetooth Mini xiaomi True Wireless chính hãng BH-12T free ship toàn quốc,198000,198000,0,Hà Nội,5,198000
"Tai nghe bluetooth AMOI F9 PRO TWS 5.0 bản không dây cảm ứng chống nước IPX5, chống ồn tích hợp sạc dự phòng 2500mAh",0,25000,99900,Hải Dương,4.3,12500
Tai nghe không dây Lenovo LP40 Pro Bluetooth 5.1 âm thanh nổi HD giảm ồn thông minh có mic cảm ứng chống nước,0,90000,259000,Nước ngoài,5,45000
Tai Nghe Bluetooth Không Dây A3 Pro - Vi Trình 4B - Âm Thanh Vòm - Cảm Biến Đa Điểm - Định Vị - Đổi Tên - Sạc Không Dây,390000,290000,0,Hà Nội,4.1,340000
Tai Nghe Nhét Tai Không Dây Baseus Bowie WM02 Bluetooth 5.3 TWS/ Baseus WM01 TWS Chống Ồn Bluetooth 5.0,0,248000,314000,Hà Nội,4.6,124000
Tai Nghe Bluetooth Không Dây True Wireless F9 PRO Bluetooth 5.0 Bản Quốc Tế Cảm Ứng Chống Nước,0,99000,129000,Hà Nội,4.6,49500
Tai nghe Bluetooth DISNEY F9 không dây nhét tai âm thanh nổi thời lượng pin dài với M,0,208000,240000,Nước ngoài,4.7,104000
Tai nghe Bluetooth earphone GOOJODOQ không dây i7s Tws thiết kế thể thao mini tiện dụng kèm hộp sạc,160000,73000,0,Nước ngoài,4.8,116500
Tai nghe không dây TWS Bluetooth 5.0 âm thanh stereo 9D thông minh có màn hình LED chống thấm nước,0,88000,159000,Nước ngoài,4.2,44000
Tai nghe bluetooth không dây TWS cảm ứng điều khiển cảm biến âm thanh HIFI cho tất cả điện thoại,0,58000,68000,Hà Nội,4.8,29000
Tai nghe bluetooth không dây chụp tai Air Max P9 Chống Ồn – Kết Nối Với Tất Cả Các Hệ Điều Hành Androi và IOS - BH 1 năm,200000,199000,0,Hà Nội,4.3,199500
"Tai nghe không dây F9 Tws 5.0 bản quốc tế không dây cảm ứng, tai nghe bluetooth f9 chống nước (ma f9)",220000,119000,0,TP. Hồ Chí Minh,4.3,169500
Tai Nghe Bluetooth AMOI F9 TWS 5.0 Không Dây Cao Cấp Chạm Cảm Ứng Pin 2500mAh Chống Nước IPX5 Dùng Cho IOS Và Android,300000,169000,0,Hà Nội,5,234500
"Tai Nghe Bluetooth Không Dây i12 inpods12 TWS 5.0 Âm Thanh HIFI, Cửa Sổ Tự Động Kết Nối, Hỗ Trợ Androi Và Ios",0,15000,63000,Hải Dương,4.6,7500
Tai Nghe Nhét Tai Không Dây M21 Bluetooth 5.3 TWS Chống Ồn Cảm Ứng Dùng Cho IOS Android- LinkeeTech,300000,159000,0,Hà Nội,4.3,229500
Tai Nghe Gaming Apro366 Tws Bluetooth 5.0 - Không Dây Có Mic Với Độ Trễ Thấp - Chính Hãng HD DESIGN,250000,159000,0,Hà Nội,4.3,204500
Mini Không Dây Bluetooth Tai Nghe I12 Là Xiaomi Hoặc Android ^ MK ^,0,26500,39500,Nước ngoài,4.4,13250
Tai nghe Bluetooth Thế Hệ Mới - Tai Nghe Không Dây- Âm Thanh HD9.0,400000,255000,0,TP. Hồ Chí Minh,4.3,327500
"Tai nghe bluetooth 5.0 True Wireless Amoi F9 Pro bản quốc tế cao cấp cảm biến vân tay , kiêm sạc dự phòng",150000,119000,0,Hà Nội,4.3,134500
Tai nghe Bluetooth Velasboost MAY 2 TWS QCC 3040 Aptx Qualcomm Nhỏ Gọn Pin Trâu dùng cho IOS và Androi,1500000,1500000,0,Hà Nội,4.5,1500000
Tai nghe bluetooth amoi F9 không dây true wireless blutooth TWS,250000,150000,0,Hà Nội,4.4,200000
Tai Nghe Bluetooth l12 Tai nghe không dây l12 âm thanh chuẩn HIFI chạm cảm ứng có mic dùng cho IOS và Android,185000,139000,0,Hà Nội,4.1,162000
Tai nghe bluetooth AP3- Sạc không dây- Cảm Biến Đa Điểm- Pin trâu- Định Vị - Đổi Tên,298000,268000,0,Hà Nội,4.8,283000
Tai Nghe Bluetooth P2 Cao Cấp Định Vị Đổi Tên Tai Nghe Không Dây Tự Động Kết Nối - Dùng Cho IOS Và Android,0,235000,275000,Hà Nội,4.6,117500
Tai Nghe Bluetooth True Wireless F9 PRO Bluetooth 5.0 | Bản Quốc Tế | Cảm Ứng | Chống Nước(Loại mới),200000,119000,0,TP. Hồ Chí Minh,4.7,159500
Tai nghe Bluetooth i12 TWS 5.0 tai nghe i12 không dây bản Quốc tế âm thanh chuẩn HIFI dùng cho IOS Android,179000,129000,0,Hà Nội,5,154000
Tai nghe không dây Lenovo lp5 bluetooth 5.0 độ trễ thấp tích hợp micro chơi game/ tập thể thao ipx5,0,239000,289000,Nước ngoài,4.4,119500
Tai Nghe Bluetooth Buds 2 Cao Cấp Phiên Bản Mới Sạc Không Dây Âm Thanh Tuyệt Đỉnh - BẢO HÀNH ĐỔI MỚI,665000,498000,0,Hà Nội,4.7,581500
Tai nghe Lenovo TH10 Bluetooth âm thanh nổi giảm ồn thoải mái chống nước có mic cho Android IOS PC,710158,368000,0,Nước ngoài,4.1,539079
"Tai nghe bluetooth AMOI F9 TWS 5.0 bản Quốc tế không dây cảm ứng chống nước IPX5, tích hợp sạc dự phòng 2500mAh",179000,89500,0,Nam Định,4.3,134250
Tai Nghe Bluetooth QP2 TWS Không Dây Bản Quốc Tế Định Vị Đổi Tên Tự Động Kết Nối Chạm Cảm Ứng Dùng Cho ĐT,400000,269000,0,Hà Nội,4.8,334500
Tai nghe bluetooth không dây TWS inpods i12 có vỏ bảo vệ cho ios và android chất lượng âm thanh trung thực cao,159900,76000,0,Nước ngoài,5,117950
"Tai Nghe Bluetooth Gaming Có Mic Âm Thanh Nổi Hifi Headphone Không Dây Bluetooth Chơi Game, Học Online",0,149000,169000,TP. Hồ Chí Minh,4.4,74500
"Tai Nghe Bluetooth PULIERDE Y08 Chip 5.2 TOPSTORE ,Tai Nghe Chụp Tai Âm Thanh HiFi Có Mic,Chống Ồn Hiệu Quả",0,79000,159000,Hà Nội,4.3,39500
Tai nghe bluetooth chụp tai Led B39 - bluetooth 5.0 tặng kèm jack cắm PC,200000,149000,0,Hà Nội,4.1,174500
Tai Nghe Bluetooth Âm Thanh Sống Động Hay Không Dây J12 Phiên Bản Quốc Tế Có Mic Nghe Gọi Tốt - J12_Trang- Datoo_shop,0,15000,75000,TP. Hồ Chí Minh,4.1,7500
Tai Nghe Inpods i12 TWS bluetooth Không Dây Nhét Tai Có mic Cho Nói Chuyện i12,0,26000,65000,Nước ngoài,5,13000
Tai Nghe Bluetooth Buds Live Cao Cấp / Tai Nghe Galaxy Buds Live Hạt Đậu Âm Thanh Tuyệt Đỉnh - BẢO HÀNH ĐỔI MỚI,638000,488000,0,Hà Nội,4.2,563000
"Tai nghe bluetooth F9 TWS 5.0 bản Quốc tế không dây cảm ứng chống nước IPX5, chống ồn tích hợp sạc dự phòng 2500mAh",300000,165000,0,Hà Nội,4.3,232500
"Tai nghe bluetooth không dây JBL Tune 220 TWS, Tai Nghe nhét tai bản Quốc Tế đỉnh cao chống ồn dùng cho IOS Và Android",450000,230000,0,Hà Nội,4.2,340000
"Tai nghe mèo Chụp tai chơi game ONIKUMA K9 hồng có Mic,cho PC Laptop Máy tính,Tay Headphone Bluetooth Gaming Không dây",0,449000,569000,TP. Hồ Chí Minh,4,224500
Tai nghe Bluetooth nhét tai không dây AP2 thế hệ 2 âm trong bass mạnh kết nối TWS 5.1 định vị đổi tên BH 6 tháng,0,190000,255000,Hà Nội,4.2,95000
New Hot Bán Ngoài Trời thể thao Bluetooth Tai nghe JBL tai nghe ko dây táos Pro 13 TWS ko dây 5.0 với microphone,0,100500,102500,Nước ngoài,4.1,50250
"Tai nghe bluetooth M90 pro, Tai nghe không dây Gaming M90 pro 5.2 Âm bass cực to Chống ồn Chống nước",299000,176410,0,Hà Nội,4.2,237705
Tai Nghe Bluetooth 5.2 Không Dây V9 V9s Giảm Tiếng Ồn Có Màn Hình LED HD,0,25000,89000,Nước ngoài,4.4,12500
"{ BẢN 2022 }Tai Nghe Bluetooth Không Dây Galaxy Buds Pro, Sạc Không Dây, Âm Thanh Tuyệt Đỉnh - BẢO HÀNH ĐỔI MỚI",669000,498000,0,Hà Nội,4.8,583500
"Tai nghe Bluetooth Chụp Tai Sendem K33, Headphone Không Dây, Có Khe Cắm Thẻ Nhớ - Cửa Hàng Phụ Kiện Online",300000,265000,0,TP. Hồ Chí Minh,5,282500
Tai nghe Blutooth nhét tai HOCO.EW23 TWS bluetooth 5.3 điều khiển cảm ứng kèm micro-BẢO HÀNH CHÍNH HÃNG,568000,475000,0,Hà Nội,4.1,521500
"[Mã ELMALL5 giảm 5% đơn 300K] Tai nghe bluetooth Beartek Bearpods B68 có đổi tên, chạm cảm ứng, bass mạnh",598000,349000,0,Hà Nội,4.7,473500
"Tai nghe bluetooth Lenovo XT95 Pro với micrô đèn LED đầy màu sắc, âm trầm tốt",0,220000,275000,Nước ngoài,4.1,110000
Tai nghe bluetooth không dây Gutek J18 tws 5.2 IPX5 chạm cảm ứng bass mạnh có mic đàm thoại,390000,239000,0,Hà Nội,4.9,314500
"Tai nghe bluetooth f9 ,i12 ,pro4,... tất cả các bản pin trâu âm thanh HD kết nối nhanh với tất cả các dòng máy",0,80000,100000,Hà Nội,4.7,40000
"Tai Nghe Gaming K98, Bluetooth, Bass Hay, Độ Trễ Thấp - Cửa hàng phụ kiện online",0,225000,245000,TP. Hồ Chí Minh,4.2,112500
"Tai Nghe Không Dây Pro 6 TW5.0, Tai Nghe Bluetooth, Cảm Biến, Đổi Tên, Hỗ Trợ Tất Cả HĐH",240000,179000,0,TP. Hồ Chí Minh,4.4,209500
Tai Nghe Bluetooth 5.0 Không Dây Mini Pro 4/5 Tws Tiện Dụng,299000,169000,0,Hà Nội,4.2,234000
Tai Nghe Bluetooth không dây Pro Cảm Biến Đa Điểm Không Dây 5.0 Định Vị - Đổi Tên - Sạc Không Dây hỗ trợ bảo hành 12T,490000,290000,0,Hà Nội,4.8,390000
Tai Nghe Bluetooth Không Dây 5.1 TWS Gaming K86 - Có Mic - Độ Trễ Thấp - Pin Trâu - Chính Hãng HD DESIGN,450000,249000,0,Hà Nội,4.9,349500
Tai Nghe Bluetooth Không Dây Nhét Tai-Thích hợp cho Android và Ios l M13 đèn led siêu dễ thương,240000,165000,0,Kiên Giang,4.5,202500
"Tai Nghe Bluetooth Không Dây Baseus WM02/WM01 - Bluetooth 5.3, Kháng Nước IPX5, Chống Ồn, Nghe Nhạc Liên Tục 25 Giờ",0,274000,354000,Hà Nội,4.6,137000
"Tai Nghe Bluetooth 5.0 True Wireless Amoi F9 Pro Bản Quốc Tế Cao Cấp Cảm Biến Vân Tay , Kiêm Sạc Dự Phòng Cao Cấp",179000,95000,0,Bắc Ninh,4.1,137000
Tai Nghe Bluetooth AB 3 - Âm Thanh Không Gian - Cảm Biến Đa Điểm - Định Vị - Đổi Tên - Sạc Không Dây- BH 1 Đổi 1,299000,299000,0,TP. Hồ Chí Minh,4.9,299000
Tai Nghe Bluetooth AB 2 Bản Cao Cấp Âm Thanh Chuẩn Tai Nghe Không Dây Kết Nối Tự Động Dùng Cho Mọi dòng điện thoại,249000,249000,0,TP. Hồ Chí Minh,4.9,249000
Tai nghe Bluetooth Lenovo XT80 Tai nghe thể thao không dây Bluetooth 5.3 với Móc micrô âm thanh nổi HiFi,329000,249000,0,TP. Hồ Chí Minh,4.1,289000
Tai nghe chụp tai bluetooth Hoco W25 chính hãng pin 300mAh,249000,249000,0,Hà Nội,4.6,249000
Tai nghe bluetooth MARSHALL MODE III Kiểu Dáng Hiện Đại Bass Căng BẢO HÀNH ĐỔI MỚI,638000,425000,0,Hà Nội,4.9,531500
Tai nghe không dây Kuulaa J18 TWS bluetooth tích hợp micro có thể tự thay đổi tên thiết bị,518000,189000,0,Nước ngoài,4.3,353500
[Mã ELMS10 giảm 6% đơn 50K] Tai Nghe Bluetooth 5.0 Chụp Tai có micro Headphone không dây thời trang màu sắc Y08 DL TECH,150000,99000,0,Hà Nội,4.6,124500
"Tai nghe Bluetooth Gaming 5.1 kèm găng tay game cao cấp, tai nghe không dây X7 không trễ âm có chế độ kép ( Bản quốc tế)",0,100000,250000,TP. Hồ Chí Minh,4.8,50000
P9 Max Không Dây Bluetooth Tai Nghe Noise Cancelling Tai Nghe Thể Thao Tai Nghe Được Xây Dựng trong Mic -7 Vương Quốc Anh,0,59000,159000,Nước ngoài,4.2,29500
Tai nghe bluetooth không dây Gutek i12 pro v5.0 nút cảm ứng có mic đàm thoại âm thanh HIFI,0,129000,145000,Hà Nội,4.5,64500
Tai Nghe Bluetooth P2 Cao Cấp Định Vị Đổi Tên Tai Nghe Không Dây Tự Động Kết Nối Chạm Cảm Ứng Dùng Cho IOS Và Android,289000,259000,0,Hà Nội,4.2,274000
Tai nghe không dây bluetooth hổ vằn E2 chip louda 1562M check setting cảm biến hồng ngoại pin trâu định vị,0,525000,684000,Hà Nội,4.7,262500
Tai Nghe Không Dây TZUZL TWS-201 Bluetooth 5.0 Điều Khiển Cảm Ứng Chơi Game Âm Thanh Nổi Chống Nước Kèm Hộp Sạc,215280,114000,0,Nước ngoài,4.6,164640
Tai nghe bluetooth không dây TWS Magicsee R11 - Âm Bass to - Âm Treble Trong - Pin Trâu - Sạc Type-C,400000,270000,0,Hà Nội,4.7,335000
Tai nghe bluetooth Lenovo LP40 Tai nghe bluetooth không dây có Mic,0,199900,249900,Nước ngoài,4.1,99950
Tai Nghe Bluetooth Hoco EW19 FULL V5.1 - Bảo hành 12 tháng,350000,298000,0,Hà Nội,4.6,324000
{BẢN 2022 }Tai Nghe Bluetooth Hạt Đậu BUDS LIVE Phiên Bản Mới Nhất Kiểu Dáng Đỉnh Cao - BẢO HÀNH ĐỔI MỚI,628000,488000,0,Hà Nội,4.3,558000
[Mã ELMALL4 giảm 4% đơn 500K] Tai Nghe Không Dây TWS Enco X2 - Hàng Chính Hãng,3990000,3590000,0,TP. Hồ Chí Minh,4.7,3790000
Tai nghe bluetooth không dây 5TECH TWS thiết kế kiểu dáng nắp mở 2 cánh bay Lamborghini cho âm thanh sống động sắc nét,549000,319000,0,Hà Nội,4.1,434000
Tai nghe bluetooth gaming STP K98 chính hãng Tai nghe không dây chơi game có mic chống ồn pin trâu độ trễ thấp SATOPA,350000,199000,0,Đồng Nai,4.8,274500
"Tai nghe Bluetooth AMOI F9 TWS 5.0 bản QUỐC TẾ không dây cảm ứng chống nước IPX5, chống ồn tích hợp sạc dự phòng 2500mAh",250000,160000,0,Hà Nội,5,205000
Tai Nghe Bluetooth Không Dây 2022 Chất Lượng Cao Cho Huawei Xiaomi Apple,0,250000,350000,Nước ngoài,4.5,125000
Tai Nghe Bluetooth Không Dây 2022 Chất Lượng Cao Cho Huawei Xiaomi Apple,0,250000,350000,Nước ngoài,4,125000
Tai Nghe Ambie Còng Tai Nghe Bluetooth 5.2 Không Dây AM-Mw01 TWS AMTW01 TW-01 Mới Hot 2022,500000,370000,0,Hà Nội,4.5,435000
Tai Nghe Bluetooth AP Pro Gen 2 - Định Vị -Đổi Tên - Chống Ồn - Xuyên Âm - Âm Thanh Không Gian - Chính Hãng NEXTAGE,799000,450000,0,Hà Nội,4.3,624500
"Siêu Phẩm Tai Nghe Bluetooth Hỗ Vằn 1562M TWS2 - Bản Đa Chức Năng, Xuyên Âm, Chống Ồn, Pin 8h - TSMART",480000,369600,0,TP. Hồ Chí Minh,4.6,424800
[HEADSET] Tai nghe Jabra Evolve 40 Stereo MS (Type A),0,2000000,2200000,TP. Hồ Chí Minh,4.3,1000000
Tai Nghe Chụp Tai Bluetooth Headphone Không Dây 5.0 P47 TUEMAN Dễ Thương Trend Tiktok,0,59000,110000,Hà Nội,4.2,29500
Tai nghe Bluetooth Sony h.ear in 2 WI-H700 Sport Màu ĐEN 🔥FREESHIP🔥 âm thanh chuẩn HIFI bass treble rõ ràng,0,34000,159000,TP. Hồ Chí Minh,4.2,17000
Tai nghe bluetooth không dây inpods i12 tws v5.0 cảm ứng âm thanh HIFI micro đàm thoại,0,63000,64000,Hà Nội,4.9,31500
Tai nghe Disney LK-11 nhét tai không dây bluetooth 5.3 âm thanh nổi HD chống nước thời lượng pin siêu dài độ trễ thấp,550000,269000,0,Nước ngoài,4.6,409500
"CHÍNH HÃNG Tai nghe Bluetooth V5.0 Hoco DES08, DES08 Pro hỗ trợ hạn chế tiếng ồn, cảm biến, định vị, đổi tên poogroup",500000,263000,0,TP. Hồ Chí Minh,4.9,381500
Tai nghe Bluetooth nhét tai âm thanh chất lượng cao,0,18000,19500,Nước ngoài,4.4,9000
Tai nghe bluetooth AP PRO nhét tai cảm ứng chống ồn kháng nước hỗ trợ sạc không dây full box bảo hành 6 tháng,0,198000,335000,Hà Nội,4.1,99000
Tai Nghe Bluetooth không dây AP3 Cảm Biến Đa Điểm Không Dây 5.0 Định Vị - Đổi Tên - Sạc Không Dây,0,285000,315000,Hà Nội,4.6,142500
Tai Nghe Bluetooth Nhét Tai Thể Thao Không Dây Marshall Mode II Kết Nối Bluetooth Kèm Mic Bảo Hành 12 Tháng,568000,415000,0,Hà Nội,4.3,491500
Tai nghe nhét tai không dây Hoco EW25 TWS 5.3 kết nối bluetooth có micro tiện dụng dành cho Android,380000,228000,0,Nước ngoài,4.2,304000
Tai Nghe Bluetooth 5.0 AUKEY EP-T25 TWS Chống Ồn Sạc không dây IPX5 chống nước Tuổi thọ pin 30H,760000,380000,0,Hà Nội,4.3,570000
"FREESHIP_Đơn_50k Tai Nghe Bluetooth AirDots Redmi2 Đen True Wireless Công Nghệ 5.0 Kèm Đốc Sạc ,Cảm Biến Tự Động Kết Nối",250000,189000,0,Hà Nội,4.5,219500
"Tai nghe chụp tai mèo bluetooth 5.0 cute, Headphone tai mèo 7 màu led phát sáng không dây có mic chính hãng - MINPRO",0,79000,119000,Hà Nội,4.7,39500
"Tai nghe bluetooth phiên bản Pro, Tai nghe không dây Full Chức Năng, Đổi Tên, Định Vị, Pin trâu dùng cho mọi dòng máy",0,265000,295000,Hà Nội,4.1,132500
Tai nghe không dây Mini Pro4 Bluetooth 5.0 TWS có hộp sạc dành cho điện thoại thông minh PK,119998,64298,0,Nước ngoài,4.7,92148
Tai Nghe Bluetooth A2 Bản Cao Cấp - Đầy Đủ Chức Năng - Định Vị - Sạc Không Dây - Có Mic - Đổi Tên - Cảm Ứng Đa Điểm,329000,259000,0,Hà Nội,4.3,294000
Tai nghe bluetooth Gen 3 AP3 nhét tai âm thanh không gian sống động định vị đổi tên hàng mới full box bảo hành 6 tháng,0,198000,335000,Hà Nội,4.8,99000
Tai Nghe Bluetooth A3 - Âm Thanh Không Gian - Cảm Biến Đa Điểm - Định Vị - Đổi Tên - Sạc Không Dây BẢO HÀNH ĐỔI MỚI,488000,288000,0,Hà Nội,4.5,388000
Tai nghe bluetooth gaming không dây âm bass hay có mic độ trễ thấp - Gutek M2 tws v5.3,0,169000,245000,Hà Nội,4.6,84500
"Tai Nghe Mèo Bluetooth P47 P47M, Tai Mèo Chụp Tai Có Mic, Âm Bass Mạnh Mẽ Nghe Nhạc Cực Hay jack cắm 3.5mm",0,20000,75000,Hà Nội,4.8,10000
Tai nghe bluetooth VG58 phát sáng-Tai nghe không dây bluetooth 5.1 MÃ VG58,145000,135000,0,TP. Hồ Chí Minh,5,140000
Tai Nghe Không Dây Baseus Enock W3 TWS Bluetooth 5.0 Âm Thanh Nổi,608333,359000,0,Nước ngoài,4.1,483666.5
Tai Nghe Bluetooth J12 TWS 5.0 Có Micro Không Dây Nghe Gọi Cảm Ứng Chạm Âm Thanh Sống Động - J12_Trang,100000,99000,0,TP. Hồ Chí Minh,4.5,99500
Tai nghe không dây Vitog đeo một bên tai Bluetooth 5.1 phát nhạc trong 20 giờ,125856,52000,0,Nước ngoài,4.7,88928
"Tai Nghe Bluetooth M10 Phiên Bản Pro Nâng Cấp Pin Trâu, Nút Cảm Ứng Tự Động Kết Nối, Chống Nước, Chống Ồn, Bảo Hành 12 T",0,60000,115000,Hải Dương,4.1,30000
"Tai Nghe Không Dây Baseus W3 Bluetooth Pro 5.0 Âm Thanh Nổi, giảm tiếng ồn, chống thấm nước, độ bền cao",400000,249000,0,Hà Nội,4.1,324500
"Tai nghe bluetooth AP Gen2, Tai nghe không dây Full Chức Năng, Đổi Tên, Định Vị, Pin trâu dùng cho mọi dòng máy",0,215000,235000,Hà Nội,4.2,107500
"Tai nghe bluetooth Gen3 Hổ vằn Bản Cao Cấp, Full chức năng, Âm thanh cực hay, Pin trâu dùng cho IOS Và Android",0,799000,850000,Hà Nội,4.8,399500
"Tai nghe bluetooth Gen2 Hổ vằn Bản Cao Cấp, Full chức năng, Âm thanh cực hay, Pin trâu dùng cho IOS Và Android",0,499000,715000,Hà Nội,5,249500
"Tai nghe bluetooth AP3, Tai nghe không dây Full Chức Năng, Đổi Tên, Định Vị, dùng cho mọi dòng máy",470000,282000,0,Hà Nội,4.9,376000
"Tai Nghe Mèo Bluetooth Chụp Tai, Headphone Tai Mèo Dễ Thương Có Mic, Âm Bass Mạnh Mẽ Bảo Hành 12 Tháng",0,85000,119000,Hải Dương,4.7,42500
"Tai Nghe Bluetooth 5.0 Không Dây i12,Kèm Vỏ Bảo Vệ Hoạt Hình Siêu Dễ Thương, Tương Thích Android\iOs",0,66000,95000,TP. Hồ Chí Minh,4.4,33000
Bản Giới Hạn BUDS PLUS 2022 Tai Nghe Bluetooth Cao Cấp Bass Căng Âm Thanh Đỉnh - BẢO HÀNH ĐỔI MỚI,458000,348000,0,Hà Nội,4.1,403000
"Tai Nghe Bluetooth AMOI F9 TWS 5.0 Bản QUỐC TẾ Không Dây Cảm Ứng Chống Nước IPX5, Chống Ồn Pin 2500mAh",300000,159000,0,Hà Nội,4.2,229500
Tai Nghe Không Dây X15 Bluetooth âm Thanh Hifi Sống động điều Khiển Cảm ứng Không Trễ Cao Cấp,0,81000,120000,Nước ngoài,4.8,40500
Tai nghe bluetooth true Wireless F9 PRO Bluetooth 5.0 Bản Quốc Tế Cảm Ứng Chống Nước Công nghệ âm thanh vovc 8D,190000,119000,0,Hà Nội,4.8,154500
Tai nghe Bluetooth chơi game 5.0 pro4 HiFi âm nhạc Giảm tiếng ồn tốt Ko có độ trễ và Chống nước mang theo tiện lợi,169000,169000,0,TP. Hồ Chí Minh,4.2,169000
"Tai nghe bluetooth gaming S10 Pro cao cấp, cảm ứng, hỗ trợ đàm thoại, nghe nhạc, kiêm sạc dự phòng",300000,300000,0,Hà Nội,4.6,300000
Tai Nghe Bluetooth Không Dây GE04 PLUS Âm Thanh Vòm - Định Vị - Đổi Tên - Sạc Không Dây - Cảm Biến - Chính Hãng HD DES,0,189000,199000,Hà Nội,4.3,94500
Tai nghe Bluetooth không dây i7s-Tws loại 2 tai nghe Có Mic Đàm Thoại kèm hộp sạc âm thanh cực hay,102000,68000,0,TP. Hồ Chí Minh,4.5,85000
"Tai Nghe TWS Defunc True Basic, Bluetooth 5.2, Cảm Ứng, Kháng Nước IPX4, Nghe Đến 22H - Chính Hãng BH 12 Tháng Dizigear",690000,549000,0,TP. Hồ Chí Minh,4.8,619500
Tai Nghe Bluetooth X15 TWS 5.0 Có Micro Không Dây Nghe Gọi Cảm Ứng Chạm Âm Thanh Sống Động - X15 - Hoaingocaz97,238000,189000,0,TP. Hồ Chí Minh,4.4,213500
Tai nghe bluetooth Borofone BW03 TWS V5.0⚡️ Hàng chính hãng⚡️Bảo hành 6 tháng,460000,367000,0,TP. Hồ Chí Minh,4.1,413500
Tai nghe bluetooth Hoco ES34 thiết kế tinh tế âm thanh siêu chất Hàng chính hãng Bảo hành 12 tháng,359000,359000,0,Hà Nội,4.4,359000
Tai nghe thể thao nhét tai TZUZL BT63 bluetooth 5.0 thời trang mới 2022,0,95000,109000,Nước ngoài,4.3,47500
Tai nghe bluetooth không dây Lenovo QE03 có micro chất lượng cao tiện dụng khi tập thể thao kèm cáp/vỏ bọc,229000,107000,0,Nước ngoài,4.8,168000
Tai nghe bluetooth amoi F9 TM Shop không dây true wireless chống ồn dành cho samsung IP chính hãng giá rẻ,0,99000,215000,Hà Nội,4.3,49500
Tai nghe nhét tai không dây Bluetooth Y50 TWS 5.0 chống thấm nước chống ồn thể thao dành cho điện thoại Android,0,58425,69595,Nước ngoài,4.6,29212.5
Tai Nghe Bluetooth APT2 TWS Không Dây Bản Quốc Tế Định Vị Đổi Tên Tự Động Kết Nối,390000,234000,0,Hà Nội,4.7,312000
Tai Nghe Không Dây Tws Bluetooth 5.0 Chống Thấm Nước 9D Tích Hợp Micro Tiện Dụng Khi Chơi Thể Thao,0,136000,168000,Nước ngoài,4.2,68000
Tai nghe không dây Ugreen TWS Bluetooth 5.0 cao cấp âm thanh chân thực 27H sạc USB-C,0,611000,649000,Nước ngoài,4.7,305500
Tai Nghe Bluetooth True WIreless TWS Cảm Ứng TCT-S18 Chống Ồn ENC - Mic Đàm Thoại- Chế Độ Nhạc vs Gaming -Chỉnh Âm ượng,800000,659000,0,TP. Hồ Chí Minh,4.7,729500
Tai Nghe Bluetooth A2 Bản Cao Cấp - Đầy Đủ Chức Năng - Định Vị - Có Mic - Đổi Tên - Cảm Biến Đa Điểm -Chính Hãng NEXTAGE,399000,315000,0,Hà Nội,4.9,357000
Tai nghe bluetooth không dây M10 Pro bass mạnh nút chạm cảm ứng âm thanh HIFI dùng cho iphone samsung android ios,0,99000,139000,Hà Nội,4.5,49500
Tai Nghe Bluetooth A3 - Chính Hãng NEXTAGE - Âm Thanh Không Gian - Cảm Biến Đa Điểm - Định Vị - Đổi Tên - Sạc Không Dây,585000,355000,0,Hà Nội,4.9,470000
Tai Nghe Bluetooth A3 - Âm Thanh Không Gian - Cảm Biến Đa Điểm - Định Vị - Đổi Tên - Sạc Không Dây BẢO HÀNH ĐỔI MỚI,488000,288000,0,Hà Nội,4.3,388000
"Tai Nghe Mèo Bluetooth P47 P47M, Tai Mèo Chụp Tai Có Mic, Âm Bass Mạnh Mẽ Nghe Nhạc Cực Hay jack cắm 3.5mm",0,20000,75000,Hà Nội,4.8,10000
Tai nghe bluetooth VG58 phát sáng-Tai nghe không dây bluetooth 5.1 MÃ VG58,145000,135000,0,TP. Hồ Chí Minh,4,140000
Tai nghe bluetooth gaming không dây âm bass hay có mic độ trễ thấp - Gutek M2 tws v5.3,0,169000,245000,Hà Nội,4.9,84500
Tai Nghe Không Dây Baseus Enock W3 TWS Bluetooth 5.0 Âm Thanh Nổi,608333,359000,0,Nước ngoài,4.3,483666.5
Tai Nghe Bluetooth J12 TWS 5.0 Có Micro Không Dây Nghe Gọi Cảm Ứng Chạm Âm Thanh Sống Động - J12_Trang,100000,99000,0,TP. Hồ Chí Minh,4.8,99500
Tai nghe không dây Vitog đeo một bên tai Bluetooth 5.1 phát nhạc trong 20 giờ,125856,52000,0,Nước ngoài,4.5,88928
"Tai Nghe Bluetooth M10 Phiên Bản Pro Nâng Cấp Pin Trâu, Nút Cảm Ứng Tự Động Kết Nối, Chống Nước, Chống Ồn, Bảo Hành 12 T",0,60000,115000,Hải Dương,4.1,30000
"Tai Nghe Không Dây Baseus W3 Bluetooth Pro 5.0 Âm Thanh Nổi, giảm tiếng ồn, chống thấm nước, độ bền cao",400000,249000,0,Hà Nội,4.4,324500
"Hộp bao vỏ đựng tai nghe tai phone có dây in ear, cáp sạc, tai nghe airpods 1/2 bluetooth blutooth inpods i12 dễ thương",13000,8900,0,TP. Hồ Chí Minh,4.4,10950
"Tai nghe bluetooth AP Gen2, Tai nghe không dây Full Chức Năng, Đổi Tên, Định Vị, Pin trâu dùng cho mọi dòng máy",0,215000,235000,Hà Nội,4.3,107500
"Tai nghe bluetooth Gen3 Hổ vằn Bản Cao Cấp, Full chức năng, Âm thanh cực hay, Pin trâu dùng cho IOS Và Android",0,799000,850000,Hà Nội,4.5,399500
"Tai nghe bluetooth Gen2 Hổ vằn Bản Cao Cấp, Full chức năng, Âm thanh cực hay, Pin trâu dùng cho IOS Và Android",0,499000,715000,Hà Nội,4.7,249500
"Tai nghe bluetooth AP3, Tai nghe không dây Full Chức Năng, Đổi Tên, Định Vị, dùng cho mọi dòng máy",470000,282000,0,Hà Nội,4.9,376000
�� AIRPODS 1 2 3 PRO 2022 🌳 Skin Miếng Dán Kim Loại PPF Bảo Vệ Hộp sạc Tai Nghe Bluetooth Airpod Tính Năng Chống Bụi Bẩn,0,7500,9000,Hà Nội,4.3,3750
"Tai Nghe Mèo Bluetooth Chụp Tai, Headphone Tai Mèo Dễ Thương Có Mic, Âm Bass Mạnh Mẽ Bảo Hành 12 Tháng",0,85000,119000,Hải Dương,4.5,42500
"Tai Nghe Bluetooth 5.0 Không Dây i12,Kèm Vỏ Bảo Vệ Hoạt Hình Siêu Dễ Thương, Tương Thích Android\iOs",0,66000,95000,TP. Hồ Chí Minh,4.6,33000
Bản Giới Hạn BUDS PLUS 2022 Tai Nghe Bluetooth Cao Cấp Bass Căng Âm Thanh Đỉnh - BẢO HÀNH ĐỔI MỚI,458000,348000,0,Hà Nội,4.8,403000
"Tai Nghe Bluetooth AMOI F9 TWS 5.0 Bản QUỐC TẾ Không Dây Cảm Ứng Chống Nước IPX5, Chống Ồn Pin 2500mAh",300000,159000,0,Hà Nội,4.9,229500
Tai Nghe Không Dây X15 Bluetooth âm Thanh Hifi Sống động điều Khiển Cảm ứng Không Trễ Cao Cấp,0,81000,120000,Nước ngoài,4.7,40500
"Vỏ bao đựng bảo vệ tai nghe bluetooth AP 2/3/PRO silicone siêu dễ thương cute, hình cực chất",59000,39000,0,Hà Nội,4.4,49000
Tai nghe bluetooth true Wireless F9 PRO Bluetooth 5.0 Bản Quốc Tế Cảm Ứng Chống Nước Công nghệ âm thanh vovc 8D,190000,119000,0,Hà Nội,4.3,154500
"Tai nghe bluetooth gaming S10 Pro cao cấp, cảm ứng, hỗ trợ đàm thoại, nghe nhạc, kiêm sạc dự phòng",300000,300000,0,Hà Nội,4.4,300000
Tai nghe Bluetooth chơi game 5.0 pro4 HiFi âm nhạc Giảm tiếng ồn tốt Ko có độ trễ và Chống nước mang theo tiện lợi,169000,169000,0,TP. Hồ Chí Minh,4.4,169000
Bóp Bao Đựng Cho Phụ Kiện Tai Nghe Bluetooth Dây Cáp Sạc Iphone Pin Dự Phòng - Awifi Case H1-3,14000,14000,0,Hà Nội,5,14000
"Vỏ Ốp Case airpod airpods pro bảo vệ, bao đựng tai nghe không dây bluetooth Tặng kèm móc",0,9000,19000,Hà Nội,4.2,4500
Tai Nghe Bluetooth Không Dây GE04 PLUS Âm Thanh Vòm - Định Vị - Đổi Tên - Sạc Không Dây - Cảm Biến - Chính Hãng HD DES,0,189000,199000,Hà Nội,4.3,94500
Vỏ ốp case Airpod silicon trong suốt bảo vệ bao đựng tai nghe không dây bluetooth 1/2/Pro/i12/i9/i7/tws - ORIO,25000,15000,0,TP. Hồ Chí Minh,4.7,20000
Tai nghe Bluetooth không dây i7s-Tws loại 2 tai nghe Có Mic Đàm Thoại kèm hộp sạc âm thanh cực hay,102000,68000,0,TP. Hồ Chí Minh,4.9,85000
"Tai Nghe TWS Defunc True Basic, Bluetooth 5.2, Cảm Ứng, Kháng Nước IPX4, Nghe Đến 22H - Chính Hãng BH 12 Tháng Dizigear",690000,549000,0,TP. Hồ Chí Minh,4.4,619500
Tai nghe bluetooth Borofone BW03 TWS V5.0⚡️ Hàng chính hãng⚡️Bảo hành 6 tháng,460000,367000,0,TP. Hồ Chí Minh,4.6,413500
Tai Nghe Bluetooth X15 TWS 5.0 Có Micro Không Dây Nghe Gọi Cảm Ứng Chạm Âm Thanh Sống Động - X15 - Hoaingocaz97,238000,189000,0,TP. Hồ Chí Minh,4.4,213500
Tai nghe bluetooth Hoco ES34 thiết kế tinh tế âm thanh siêu chất Hàng chính hãng Bảo hành 12 tháng,359000,359000,0,Hà Nội,4.3,359000
Tai nghe thể thao nhét tai TZUZL BT63 bluetooth 5.0 thời trang mới 2022,0,95000,109000,Nước ngoài,4.3,47500
Tai nghe bluetooth amoi F9 TM Shop không dây true wireless chống ồn dành cho samsung IP chính hãng giá rẻ,0,99000,215000,Hà Nội,4.6,49500
Tai nghe bluetooth không dây Lenovo QE03 có micro chất lượng cao tiện dụng khi tập thể thao kèm cáp/vỏ bọc,229000,107000,0,Nước ngoài,4.1,168000
Tai nghe nhét tai không dây Bluetooth Y50 TWS 5.0 chống thấm nước chống ồn thể thao dành cho điện thoại Android,0,58425,69595,Nước ngoài,4.2,29212.5
Tai Nghe Bluetooth APT2 TWS Không Dây Bản Quốc Tế Định Vị Đổi Tên Tự Động Kết Nối,390000,234000,0,Hà Nội,4.2,312000
Bộ Dụng Cụ Vệ Sinh Tai Nghe Bluetooth Kiểu Mới Tương Thích Với AirPods3 / Điện Thoại Di Động / Máy Tính,90000,42000,0,Nước ngoài,4.8,66000
Tai Nghe Không Dây Tws Bluetooth 5.0 Chống Thấm Nước 9D Tích Hợp Micro Tiện Dụng Khi Chơi Thể Thao,0,136000,168000,Nước ngoài,4.8,68000
Tai Nghe Bluetooth M90 Cảm Ứng Thông Minh Chống Ồn Tốt Bass Mạnh Pin 1200mah- LINKEETECH,300000,179000,0,Hà Nội,4.7,239500
Tai nghe nhét tai Baseus W04 kết nối bluetooth 5.0,0,409000,519000,Nước ngoài,4.5,204500
Tai nghe không dây VITOG Y30 kết nối bluetooth 5.0 âm thanh sống động chất lượng cao,158976,75000,0,Nước ngoài,4.4,116988
"Tai Nghe Bluetooth EP2, Không Dây Bản Cao Cấp, Sạc Không Dây, Định Vị, Đổi Tên,Cảm Ứng Dùng Cho Tất Cả Các Máy",0,239000,249000,Hà Nội,4.3,119500
Tai nghe chơi game M6 không dây kết nối Bluetooth có thể gấp gọn cao cấp,134000,85000,0,Nước ngoài,4.6,109500
Tai Nghe Bluetooth Không Dây Chính Hãng I12 Nhét Tai Phụ Kiện Tai Nghe Điện Thoại IOS Và Android | I12 Saka.Shop99,105000,102900,0,TP. Hồ Chí Minh,4.5,103950
Tai Nghe Bluetooth HOCO E63 NEW - Bảo hành 12 tháng chính hãng,180000,135000,0,Hà Nội,4.6,157500
"0Tai nghe bluetooth S10 Pro V5.2 cao cấp, cảm ứng vân tay, âm thanh cực hay",0,129000,152000,TP. Hồ Chí Minh,4.4,64500
"Tai Nghe Bluetooth 5.0 i12 TWS - Cảm Biến Vân Tay, Chất Âm Êm, Trong Trẻm Thời Lương Pin Tốt, Sang Trọng hhbt25",138000,88000,0,TP. Hồ Chí Minh,4.8,113000
Tai nghe dây bluetooth nhét tai cho điện thoại màu trắng chân dẹt có tích hợp micro đàm thoại nghe nhạc,45000,45000,0,Hà Nội,4.9,45000
Tai Nghe Bluetooth Pro Hổ Vằn công nghệ TWS Chip Louda tai nghe nhét tai full chức năng chống ồn định vị đổi tên,0,295000,1200000,Hà Nội,4,147500
Tai nghe bluetooth Chụp Tai Headphone P47 ⚡Âm Thanh Đỉnh Cao⚡,79000,68000,0,Hà Nội,4.7,73500
Tai nghe bluetooth không dây TWS A6s chống nước chất lượng cao,129999,65998,0,Nước ngoài,4.1,97998.5
Tai Nghe Dây H8 Chính Hãng SD DESIGN dùng cho điện thoại 7 đến 13 Pro Max - Kết Nối Bluetooth Mới Dùng Được,165000,129000,0,Hà Nội,4.9,147000
Tai nghe không dây Lenovo Disney Q2 Bluetooth 5.1 âm thanh nổi cách âm thông minh chống nước có mic cho Android IOS,400000,259000,0,Nước ngoài,4.7,329500
"[Strongaroetu] 3,7v 30mah 401012 Pin Sạc Lithium Polymer Cho Tai Nghe Bluetooth",11875,9500,0,Nước ngoài,4.9,10687.5
Vỏ Ốp Case Bảo Vệ Bao Đựng Tai Nghe Không Dây Bluetooth Airpod 1/2/3/Pro/i12/i9/i7/tws - Moncase,0,20000,89000,Hà Nội,4.6,10000
Tai nghe nhét tai Hoco E63 bluetooth 5.0 âm thanh sống động không dây phong cách doanh nhân - Bảo hành 12 tháng,200000,135000,0,Hà Nội,4.4,167500
"Tai nghe bluetooth không dây Inpods i12 TWS cảm ứng điều khiển,tai phone bluetooth i12 cảm biến âm thanh cho Android iOS",0,105000,115000,TP. Hồ Chí Minh,4.1,52500
"Tai Nghe Bluetooth GAMING Không Dây X15 TWS, Tai Nghe Chơi Game Không Có Độ Trễ Âm Thanh (Bản Quốc tế 2022)",0,112000,140000,Hà Nội,4.1,56000
Tai nghe bluetooth chụp tai có micro chơi game. Tai nghe không dây gaming B39 âm thanh sống động pin trâu,0,150000,155000,TP. Hồ Chí Minh,5,75000
Tai Nghe Thể Thao Không Dây Bluetooth M165,39000,20000,0,Nước ngoài,4.5,29500
Tai Nghe Bluetooth 5.0 Chụp Tai có micro Headphone không dây thời trang màu sắc Y08 Head shop,0,82000,95000,Hà Nội,4.6,41000
Tai Nghe Nhét Tai Không Dây S650 Kết Nối Bluetooth Kiểu Dáng Thể Thao,23500,22500,0,Nước ngoài,4.4,23000
Tai nghe bluetooth không dây TWS 18D HiFi chống thấm nước có micro tiện dụng,0,127000,147000,Nước ngoài,4.2,63500
Tai Nghe Bluetooth J12 TWS 5.0 Có Micro Không Dây Nghe Gọi Thanh Sống Động Kết Nối Mạnh Mẽ J12_Mau -aluca_store,169000,125000,0,TP. Hồ Chí Minh,4.1,147000
"[Mã ELMS10 giảm 6% đơn 50K] Tai nghe bluetooth chụp tai Led B39 - bluetooth 5.0 tặng kèm jack cắm PC, Bảo Hành 12 Tháng",0,90000,99900,Hải Dương,4.5,45000
"Tai nghe bluetooth chụp tai P47, tai nghe không dây tích hợp thẻ nhớ và mic dùng cho tất cả dòng điện thoại, máy tính",129000,79000,0,Hà Nội,4.6,104000
Tai Nghe Bluetooth APro Hổ Vằn 1562AE Chống Ồn ANC 40DB - Xuyên Âm - Âm Thanh Vòm Thật - Pin 8H,0,965000,999000,Hà Nội,4.6,482500
Tai Nghe Bluetooth Không Dây F9 Pro TWS 5.0 Có Micro Nghe Gọi Cảm Ứng Chạm Chơi Game Giảm Tiếng Ồn - F9Pro aluca_store,280000,145000,0,TP. Hồ Chí Minh,4.1,212500
Tai Nghe Bluetooth Không Dây F9 TWS 5.0 Có Micro Nghe Gọi Cảm Ứng Chạm Chơi Game Giảm Tiếng Ồn - F9 aluca_store,250000,155000,0,TP. Hồ Chí Minh,4.4,202500
Tai nghe gaming bluetooth HQ-10 S12 Tai nghe không dây chơi game có mic chống ồn pin trâu độ trễ thấp dùng liên tục 6h,600000,339000,0,Đồng Nai,4.7,469500
"Tai Nghe Chụp Tai ❤️FREESHIP❤️Tai Nghe Tai Mèo Kết Nối Bluetooth BT028C ,Headphone Dễ Thương Có Mic, Âm Bass Mạnh Mẽ",430000,291000,0,Hà Nội,4.8,360500
Tai Nghe Bluetooth Không Dây TWS 5.0 Có Micro Nghe Gọi Cảm Ứng Chạm Chơi Game Giảm Tiếng Ồn - PR04 aluca_store,340000,175000,0,TP. Hồ Chí Minh,4,257500
"Tai nghe không dây M90 Pro bluetooth 5.3 Âm bass cực to chống ồn chống nước, Bảo Hành 12 Tháng",0,39500,138000,Hải Dương,4.5,19750
"Tai Nghe Chụp Tai Không Dây Floveme B39 - Bluetooth 5.0 - Có Míc Led RGB, Pin Chuẩn 400mAh, Âm Thanh HiFi, Kèm Jack 3.5",299000,182390,0,Bắc Ninh,4,240695
��💎Tai nghe Bluetooth chụp tai Gaming có míc 💎CAO CẤP💎Chính hãng Remax RB-750HB V5.0 hỗ trợ thẻ nhớ không dây Giá rẻ,580000,525000,0,Hà Nội,4.1,552500
Tai Nghe Bluetooth Công Nghệ Mới Âm Thanh Sống Động Không Dây Phiên Chuẩn Bản Quốc Tế - PR04- Dongocdanymzx9599,0,169000,185000,TP. Hồ Chí Minh,4.3,84500
Tai nghe bluetooth không dây i13 tws 5.0 nút cảm ứng âm thanh HIFI micro đàm thoại,0,64000,85000,Hà Nội,4.8,32000
"Tai nghe bluetooth S10 Pro V5.2 cao cấp, cảm ứng vân tay, Chống nước tiêu chuẩn IPX7 , nghe nhạc 10h, kiêm sạc dự phòng",280000,169000,0,Bình Dương,4.4,224500
"Tai nghe bluetooth Hoco (es)ES39 phiên bản đặc biệt, kết nối không dây hỗ trợ định vị, đổi tên - BH 12 thang",390000,282000,0,TP. Hồ Chí Minh,4.3,336000
[Mã ELHACE giảm 4% đơn 300K] 🌟🌟Tai Nghe Bluetooth JBL H6 Bản Mới Nhất🌈Chống ồn🌈3 Micro🌈Pin 20H,550000,350000,0,Hà Nội,4.7,450000
"Tai Nghe Không Dây Bluetooth Thể Thao J12 TWS 5.0 Nghe Nhạc, Chơi Game Độ Trể Thấp J12_Mau -aluca_store",159000,125000,0,TP. Hồ Chí Minh,4.2,142000
"Tai Nghe Gaming Bluetooth WEEKOME V51 - Độ trễ cực thấp, Bass mạnh, Thiết kế chuẩn gaming | Bảo hành 12 tháng",460000,325000,0,Hà Nội,4.5,392500
Tai Nghe Có Dây Nhét Tai NAHU Gaming Có Mic Chống Ồn Táo 7 8 Plus X XR XS Max 11 12 13 Pro SE Kết Nối Bluetooth D111,0,59000,149000,Hà Nội,4.2,29500
Tai Nghe Bluetooth Công Nghệ Mới Âm Thanh Sống Động Không Dây J12 Phiên Chuẩn Bản Quốc Tế J12_Mau - Vibes_shop,150000,88000,0,TP. Hồ Chí Minh,4.1,119000
"Tai Nghe Bluetooth S10 Pro Có Vân Tay , Kiêm Sạc Dự Phòng 2200mAh Bản Quốc Tế Pin Cực Trâu - HiNan Shop",289000,235000,0,Hà Nội,4.9,262000
"Tai Nghe Mèo Bluetooth P47M PKH470 Chụp Tai, Tai Mèo Dễ Thương Có Mic, Âm Bass Mạnh Mẽ Bảo Hành 12 Tháng",0,35000,75000,Hải Dương,4.4,17500
Tai nghe Bluetooth không dây Lenovo LP40/LP40 Pro. Hàng chính hãng,0,186000,229000,TP. Hồ Chí Minh,4.1,93000
"Tai Nghe Bluetooth 5.3 Baseus WM01, chống ồn, chống nước,chuyên cho nhạc sàn và chơi game,bảo hành 12 tháng",0,286000,550000,TP. Hồ Chí Minh,4.5,143000
"Tai Nghe Bluetooth Công Nghệ V4.0 (Model 2019), Tai Mini Hạt Đậu Siêu Xinh",0,27000,28000,Hà Nội,4,13500
tai nghe bluetooth không dây j12 TWS 5.0 Có Micro Nghe Gọi Cảm Ứng Chạm Chơi Game Giảm Tiếng Ồn - J12_Trang aluca_store,150000,125000,0,TP. Hồ Chí Minh,4.3,137500
Tai nghe không dây Suntaiho Mini Pro 4 Bluetooth 5.1 TWS,0,78000,118000,Nước ngoài,4.8,39000
[Mã INCU300] IROCK GEN2 LOUDA 1562M - TAI NGHE BLUETOOTH SẠC KHÔNG DÂY - MIC ĐÀM THOẠI,0,480000,620000,Hà Nội,4.3,240000
Combo Tai nghe bluetooth không dây Gutek i12 Pro TWS nút cảm ứng âm thanh HIFI có mic kèm case vỏ bảo vệ bao đựng,190000,109000,0,Hà Nội,4.8,149500
Tai nghe bluetooth Lenovo lp75 không dây âm thanh stereo hd không thấm nước giảm tiếng ồn 400mah bluetooth 5.3,580000,279000,0,Nước ngoài,4.6,429500
"Tai Nghe Chụp Tai Bluetooth P47, Tai Không Dây Có Mic, Có Thẻ Nhớ, Âm Bass Cực Chất, Nghe Nhạc Cực Hay Bảo Hành 6 Tháng",114000,60000,0,Hà Nội,4.6,87000
tai nghe nhét tai bluetooth Ap2 nghe gọi định vị đổi tên chính hãng eshuan,299000,299000,0,Hà Nội,4.3,299000
"Tai nghe bluetooth i12 TWS 5.0 cao cấp tai nghe không dây âm thanh chuẩn HIF, cửa sổ tự động kết nối, tai nghe Y12 trắng",179000,129000,0,Hà Nội,4.2,154000
"Tai Nghe Mèo P47M. Mz47 Bluetooth Chụp Tai , Headphone P47m Dễ Thương Có Mic,Âm Bass Mạnh Mẽ Dung Lượng Pin Trâu",0,15000,73000,Hải Dương,4.2,7500
Tai nghe Bluetooth không dây 5.0 MINPRO - AMOI F9 PRO nút cảm biến vân tay chống nước kèm sạc 2.000mAh,150000,105000,0,Hà Nội,4.3,127500
Tai nghe True Wireless Amoi F9 PRO Bluetooth 5.0 | Bản Quốc Tế | Cảm Ứng | Chống Nước,199000,129000,0,Hà Nội,4.7,164000
"Tai nghe Bluetooth 5.0 Amoi F9 Pro Max Cảm Ứng Bản Quốc Tế 2020 | pin cực trâu,chất âm cực hay,nghe nhạc cực thích |",0,39000,89000,Hải Dương,4.3,19500
"Tai nghe bluetooth không dây Inpods Pro i13 TWS gaming nhét tai, tai phone blutooth giá rẻ cho IP, Android/iOs Sagopy",0,89000,119000,TP. Hồ Chí Minh,4.1,44500
"Tai nghe bluetooth không dây Hoco nghe nhạc liên tục trong 3-5 giờ, công nghệ 5.0, hỗ trợ đàm thoại, định vị, đổi tên",599000,329000,0,Hà Nội,4.6,464000
[BACRAB] Tai nghe không dây gaming nhet tai hot thời trang thể thao ko dây chup tai nút nhét tai chum tai super bass chấtlượng X1 TWS true wireless bluetooth earphone PUBG game headphone,280000,155000,0,Nước ngoài,4.9,217500
Tai Nghe Bluetooth Không Dây S11- Tai Nghe Nhét Tai Bluetooth 5.0 Tích Hợp Sạc Dự Phòng 4800mah,0,99000,205000,Hà Nội,4.4,49500
"Tai nghe Bluetooth chụp tai có mic T7, Tai nghe không dây bass mạnh, đàm thoại rõ ràng hỗ trợ học tập, giải trí",529000,269000,0,Hà Nội,4.2,399000
Tai nghe bluetooth chụp tai mini GrownTech P47 có mic thu âm bass to bảo hành 24 tháng,150000,89000,0,TP. Hồ Chí Minh,4,119500
Tai Nghe Bluetooth XT11 Kiểu Dáng Thể Thao Có Dây Đeo Cổ Tiện Dụng,46740,26641,0,Nước ngoài,4.1,36690.5
"Tai Nghe Blutooth Không Dây Pro 6 TWS 5.0 - Cảm Biến,Định Vị, Đổi Tên - Nhiều Màu - Bảo Hành 12 Tháng",0,50000,86000,Hải Dương,4.6,25000
Tai Nghe Bluetooth P2 Cao Cấp Định Vị Đổi Tên Tai Nghe Không Dây Tự Động Kết Nối Chạm Cảm Ứng Dùng Cho IOS Và Android,340000,249000,0,Hà Nội,5,294500
Tai Nghe Bluetooth Nhiều Màu Sắc Cảm Biến 5.0,0,60000,65000,Hà Nội,4.7,30000
Tai nghe bluetooth không dây Gutek Pro12 tws 5.0 hình minion nút cảm ứng chống ồn nghe nhạc âm thanh HIFI,390000,244000,0,Hà Nội,4.7,317000
Tai Nghe Bluetooth AP3 Chính Hãng NAHU Giá rẻ Không Dây Nhét Tai Có Mic Chống Ồn Dây Nguyên Seal Bảo Hành Lỗi 1 Đổi 1,430000,299000,0,Hà Nội,4.2,364500
"Tai Nghe Bluetooth Amoi F9 Pro Bản Quốc Tế Cao Cấp, Cảm Biến Vân Tay, Kiêm Sạc Dự Phòng, Chống Nước, Chống Ồn",190000,99000,0,Hà Nội,4.5,144500
Tai Nghe ai phôn dùng cho 7/8/7 Plus/8 Plus/X/Xsmax/11promax/12/13promax/14promax Tự Bắt Bluetooth,80000,59000,0,Hà Nội,4.2,69500
"[Mã ELMALL5 giảm 5% đơn 300K] Tai nghe không dây Baseus Bowie WM02 True Wireless Earphones (Bluetooth V5.3, 25h sử dụng)",0,362110,369500,Hà Nội,4.2,181055
[Mã ELHACE giảm 4% đơn 300K] Tai Nghe Bluetooth BUDS LIVE Phiên Bản Mới Nhất - BẢO HÀNH ĐỔI MỚI,550000,415000,0,Hà Nội,4.7,482500
Tai nghe bluetooth S109 kèm micro trò chuyện tiện lợi,0,29000,42500,Nước ngoài,4,14500
Tai nghe Bluetooth không dây đeo quàng cổ Bluetooth 5.2 thể thao pin trâu từ tính khử tiếng ồn mã G01 Gemini Shop,0,39900,45000,Hà Nội,4.1,19950
Tai Nghe Bluetooth Lenovo HE05X II thể thao 5.0 không thấm nước IPX5 TWS nhét tai Không Dây Chất Âm Êm Lương Pin Tốt nhét tai chụp tai có micro ko dây,199000,142000,0,Nước ngoài,4.5,170500
Kính râm thông minh GOOJODOQ kết nối bluetooth 5.0 hỗ trợ gọi rảnh tay chống ánh sáng xanh,950000,403000,0,Nước ngoài,1.9,676500
"Tai nghe thể thao Bluetooth uốn dẻo 360 độ, hỗ trợ thẻ nhớ lên tới 32G tiện lợi, kết nối Bluetooth 5.0 thông minh MK-87",95000,95000,0,TP. Hồ Chí Minh,1.4,95000
Tai nghe không dây Bluetooth 5.0 RGA Sport Headphone truyền âm thanh qua xương,126660,59530,0,Nước ngoài,1.5,93095
"Tai nghe Bluetooth AMOI F9 TWS 5.0 bản QUỐC TẾ không dây cảm ứng chống nước IPX5, chống ồn tích hợp sạc dự phòng 2500mAh",198000,99000,0,Hà Nội,1.4,148500
"Tai nghe bluetooth gaming S10 Pro cao cấp, cảm ứng, hỗ trợ đàm thoại, nghe nhạc, kiêm sạc dự phòng 2200mAh - Audio365",300000,169000,0,Hà Nội,1.8,234500
Tai nghe không dây bluetooth P3 Pro chất lượng âm thanh trầm tuyệt vời tích hợp micro- LinkeeTech,0,99000,179000,Hà Nội,1.7,49500
Tai nghe không dây Bluetooth 5.2 chip chuyên gaming chế độ kép chơi game nghe nhạc chống nước in-ear,239000,145000,0,TP. Hồ Chí Minh,3.5,192000
"Tai Nghe Chụp Tai Bluetooth P47, Tai Không Dây Có Mic, Có khe Thẻ Nhớ, Âm Bass Cực Chất, Nghe Nhạc Cực Hay",0,58000,58500,TP. Hồ Chí Minh,3.5,29000
Tai nghe nhét tai Disney F9 bluetooth 5.2 không dây âm thanh nổi rõ ràng chống nước giảm ồn thời lượng pin dài có micro,390000,208000,0,Nước ngoài,3.2,299000
Tai Nghe Nkodok Bluetooth 5.2 Đeo Cổ Giảm Tiếng Ồn Tiện Dụng,62842,45500,0,Nước ngoài,3.4,54171
Tai nghe gaming bluetooth không dây TWS có mic độ trễ thấp pin trâu âm bass mạnh mẽ - Gutek G7S,330000,169000,0,Hà Nội,3.6,249500
tai nghe bluetooth doraemon in-ear không dây âm thanh nổi hai tai thể thao tai nghe bluetooth tws Bluetooth giảm ồn thoải mái có mic gọi được chống nước cho Android IOS,790000,690000,0,TP. Hồ Chí Minh,3.4,740000
Tai Nghe Pro 6 Tai Nghe Bluetooth Không Dây Pro6 Dùng cho Cả Androi và Ios Nghe Nhạc Cực Hay. Bảo Hành 12 tháng,199000,97000,0,Hải Dương,3.6,148000
Tai nghe Bluetooth 5.0 hình tai mèo phát sáng cá tính,0,106000,268000,Nước ngoài,3.7,53000
"Tai Nghe Bluetooth Pro 4, Tai Nghe Không Dây Nhét Tai Bluetooth 5.0 Bản Quốc Tế Tương Thích Tất Cả Dòng Máy",0,92000,119000,Hà Nội,3.2,46000
Tai Nghe Bluetooth Pro 6 - Tai Nghe Không Dây Nhét Tai Bluetooth 5.0 Nhiều Màu Sắc Tương Thích Tất Cả Dòng Máy,250000,119000,0,Hà Nội,3.3,184500
Tai nghe Bluetooth Redmi Buds 3 Lite,590000,390000,0,Nước ngoài,3.1,490000
Tai nghe ELOUGH Y50 TWS không dây bluetooth 5.0 chống nước phong cách thể thao,152000,71000,0,Nước ngoài,3.6,111500
